"file","bytes","sha256"
"data/processed/analytic_frozen.rds",4322309,"ceddad4648f5a3fbbbda69741ef8e31037fa29808baa73347345a6d9342a4293"
"figures/05_bland_altman_hPDI.png",207282,"104e1e512784d5b05e57197244a996193e7d4b18cc558ea8c13e4b0ac83e8e5d"
"figures/08_mice_convergence_key.png",1226647,"6c42c383400828a1221cad6068d0cdb809e4ff281aff5284ced416914c4b7d8d"
"figures/08_mice_convergence.png",964084,"5eaf33988241302b90fd5afdd3e3af0f0e8eecd9daea84833081200be70e083d"
"figures/08_observed_vs_imputed.png",253148,"5618d947e19b470511f1a7310532e23183ec76730afd4a266939c9d628c0c9d3"
"figures/13_scree.png",91597,"0809ea744698e7cb6e02b3e3aab8c924140cc8b91bf885029767cd0b1e44581a"
"figures/F1_sensitivity_forest.png",131595,"d4fb35e6881d8e41f7036f259fc86413dde3a89912fb37b72d087f0639f81fbb"
"figures/F2_substitution_forest.png",79633,"f157219afab1599c080d6f123e1e0818534fb81d9d75627ed0db60f4c1fb7bf9"
"figures/F3_pca.png",136092,"a0bf3ca79a08bd81bccc321c70d4afe7bea8156ba1914e6ee062580b27bbf18c"
"figures/F4_calibration.png",52124,"cae3c1de90f446a9a644f263742ca250cf284a7a6a561242052a9f4ba3032072"
"figures/F5_exposure_reliability.png",203919,"03fbc93c79baa41f2b586f3ee511f49c10c1eff3607caa866bdad6765280b8e1"
"tables/00_dag_implied_independencies.txt",1281,"a29e27fa847d40986bf723bfe3c144ba5e9a5a0972b37251449cb9e6723ea127"
"tables/00_dag_unidentified_paths.txt",1098,"9b47e82ad237f86d3574cb9f6d84506b5e830223d1926b18df91327318baca65"
"tables/04_wweia_category_conflicts.csv",5207,"3b498f27d790cc433d4f8815a2f9feef6c3bc2c2567494b4ed6adda2e5b9b219"
"tables/05_exclusive_vs_overlapping.csv",253,"dcc46bc891c70bf333e9689f3e1bbf442c614e6d8175a7ce02141a6cb30e1eec"
"tables/05_group_diagnostics.csv",1063,"6060c59dbaf69397c63f53062e7f676a3e008bcb2d44fffb074acc43eb899b66"
"tables/05_scoring_rule_agreement.csv",348,"63ad759871c4b6905e72429d75fd1ac801f5d3c06e5fa2adc84db19fd7794fbe"
"tables/06_component_correlations.csv",241,"ef14bbaf628c6564a93f5b6ac2ecb6b7c4923a0fca09af5126aed97886d08879"
"tables/06_outcome_summary.csv",477,"07b85cbc75da24bfde9f0584c96663833f12a11b3f7d592bee8c6cca98bfa928"
"tables/06_standardisation_check.csv",282,"5d290cfc9142a6d45c0bdf16d46277161ebea05843669c0c743ca6db1260d877"
"tables/07_attrition.csv",222,"7e944f03411c56f4e370f7d4eedac68142e5941415a08f219103e8c5669e1f3b"
"tables/07_covariate_missingness.csv",176,"f10a50ff9fd22a03a568a9b37cd2c0e594054496d00535941e8296577e85de30"
"tables/07_minimum_detectable_effect.csv",85,"15f5cbc9f4d42f6873f5a82320af59175bb1de7654f1d0d3446a124093bf802d"
"tables/08_completecase_vs_imputed.csv",226,"cfcfa1020b28c54e82ab78e62ac76e15b6f213d06c788f5f41833e3036027bbd"
"tables/08_observed_vs_imputed.csv",238,"9d30fe0eb620996f59af57ccc2d8b271b1dbad3de2489addc3266d36d266dfb1"
"tables/08_premputation_missingness.csv",331,"11672852977fe787268e49f6e12d80bfbfab3d38f76177148172200a75b694f7"
"tables/09_primary_models.csv",823,"8d49ba112b679de93ec6443285c57613ebd3de58a01a32110ba2c0c57cf57e4e"
"tables/09_secondary_outcomes.csv",485,"2bdd57b3988f6f20256c651c0a6459b439ca562139482334470724d738a724f8"
"tables/09_vif.csv",386,"02dcf81cedc9d829da98339152370eeb6a45efb406bee656259a0cab04b396b0"
"tables/10_calibration_extra.csv",182,"6d5ebe396aa6231b3f3035d69243ee981c8f20e5ee175afc93997422bc9b4628"
"tables/10_calibration_per_imputation.csv",2309,"d33e3ff057af312f4a475c5152afba41c3d37f6862a0cebf4584f520fe55710d"
"tables/10_calibration_results.csv",207,"6fa85b63ea60b2c85533ea2a631c0b2e2a42b55219bcd28cab0ccb8fd93dea96"
"tables/11_energy_correlations.csv",328,"f9bead0dd54d50253290f21164233075624fea021ff990f0c97f6787098f2150"
"tables/11_group_correlations.csv",243,"ae6d8419f0e8211ae60e1d8a00fec5b38132f5aff0aefbc94de22476fbfa4dc7"
"tables/11_group_units.csv",617,"254b018c543b0a2a23f31ff6898abe8274183e18aae3cb6824a9795e1567d306"
"tables/11_substitution_pair_precision.csv",2433,"114a9c595da4ee0bd3d5365146c80c6d29f7c20f4c603c44b9f87205361a928e"
"tables/11_vif_full_model.csv",653,"67872cee58e6cd52b81fbcf2a0bb830c4e2caa7fc0b60ca857c581e8b4307fb7"
"tables/11_vif_groups.csv",473,"b5fc1eee972f022add0e5a6bdeb43282ad954abadaba627993ca38beaff8a9c5"
"tables/12_all_components_coefficients.csv",1279,"4dae7fb59a55b488263949458cf51c1d3f0a14bc6a96ef7fc1c0ae01512b55f2"
"tables/12_not_estimable_swaps.csv",290,"499a1a425f9862de52a2098cc5e324a544037e5c23b79f922aa1f18c95be6982"
"tables/12_substitution_exploratory.csv",2775,"a8b8700081b2c9045e815f98ef0c81f914cdbcfb87103dd61a759753aae2ec9f"
"tables/12_substitution_prespecified.csv",469,"d34781608cf49b3dcfdbd15a5f2206058d7e039e0ff216be0e9d8e0bcd15bde4"
"tables/13_pca_loadings.csv",232,"5ece19e8656c4a2a2c1b3886f4ba2a15f8dfe7d367a6dcd6dcaf26deec007968"
"tables/13_pca_retention.csv",354,"122356ab7c8f148e1377116d4d49495e7878461bbe1d51d01cacbca5ff9a6dbc"
"tables/13_pca_skewness.csv",167,"7d574ec8bc2048fa0ab34654a6dfe0b064b500bec3ab8b31bdc0c3c7d0c6b766"
"tables/13_weighted_correlation_matrix.csv",629,"4332821ec8a3144130cf3409d2aeede83b7570360d7eb5c45517eb0860c8f415"
"tables/14_pca_associations.csv",313,"14fba2d9f17fe8d3c2fe199b15d7919e7c193ea471c900f942590c28114ce984"
"tables/14_sensitivity_loadings.csv",228,"c72ff98dc87a9819cfdf00aea013dcbed427b05b2efad958fed695599bfd1a7a"
"tables/15_audit_table.csv",1869,"366be6114f63f369554ed97ed8e8e74e8bbd731370cff017b6a6a5e6b9186f24"
"tables/15_evalue.csv",104,"e9abd9ebd2c5dd250745f84c247390ee38e46e846c1b3774b5ae79b236a35378"
"tables/15_implausible_reporter_comparison.csv",197,"c4b0645d48928b4d79ccce63400547f3acee288639eca96cd34fd2f4977261ec"
"tables/15_nonlinearity.csv",121,"8db52d338e94f1fb85edf7a2b7b829c12d7c4db7305e1c5d5b5b05c7b084bc0b"
"tables/16_mediation_exploratory.csv",373,"9bbc2b031858664162add377b34bc8cda5a3c93dcb7340212a28753e18ff2435"
"tables/16_mediation_interpretation.txt",879,"d20ebfe0593eba839434da7fbc62dbf4b814e925bf3d35a2e20a8b9241c76457"
"tables/T1_characteristics.csv",2384,"dcd129eac97df5842f8e2d33300a3f0657b1a49b518eadf793bf9d298f7c2daa"
"tables/T1_characteristics.md",2606,"eea06388671c47827c5a08bc24c84b5f510a1155d36c949f8fd6f33462102b8b"
"tables/T2_primary_secondary.csv",1059,"e964eb1b3baad23580d0a084b4aab1a76e2663803adbfb0000fe35c4c519ae7d"
"tables/T2_primary_secondary.md",1152,"d584d6124210168f2f6b0577a044e51f722726950691288e704f262b6d8d0b0e"
"tables/T3_substitution.csv",394,"09c2c24ec3c10a77396f596e54ba4b192f867338021e5ecf916b0ed2fee609ea"
"tables/T3_substitution.md",450,"05abeac087615e14358f7340fe5678a887bf61f7a7355204a88b4eaf2d7d05e4"
"tables/T4_calibration.csv",206,"29f8d852556eb8ee520ffbc6a372441aa415f98abf61e485496832990772e3d9"
"tables/T4_calibration.md",228,"7e259998a66ffb8b1ea257aa07e34a26b9c227e9483c5b34213b6cdbf28eee6b"
"tables/T5_sensitivity_audit.csv",1308,"a5fe6bfd636495fc14b13bf138ecb25e35487470518b5381cc51065c5c5d89ff"
"tables/T5_sensitivity_audit.md",1478,"465e63af7b12288ac3018e618338c1d0dfa57a309a71131914674ddd7748f876"
"tables/T6_axis_associations.csv",286,"4000d26da93cef336c2a01c48dfa35abd33a42b7c9019d9baabf8355ae72eb42"
"tables/T6_axis_associations.md",330,"29f0dfc7d8c39f0cbceacb87d518c4fae489b327eef5eb8b185819ccca5fb4bf"
